"m0,10thingsihateaboutyou,http://www.dailyscript.com/scripts/10Things.html"
"m1,1492:conquestofparadise,http://www.hundland.org/scripts/1492-ConquestOfParadise.txt"
"m2,15minutes,http://www.dailyscript.com/scripts/15minutes.html"
"m3,2001:aspaceodyssey,http://www.scifiscripts.com/scripts/2001.txt"
"m4,48hrs.,http://www.awesomefilm.com/script/48hours.txt"
"m5,thefifthelement,http://www.scifiscripts.com/scripts/5thelement.txt"
"m6,8mm,http://www.dailyscript.com/scripts/eight-millimeter.html"
"m7,anightmareonelmstreet4:thedreammaster,http://www.hundland.org/scripts/A-Nightmare-on-Elm-Street-4.txt"
"m8,anightmareonelmstreet:thedreamchild,http://www.hundland.org/scripts/A-Nightmare-on-Elm-Street-5.txt"
"m9,theatomicsubmarine,http://leonscripts.tripod.com/scripts/ATOMICSUB.htm"
"m10,affliction,http://www.dailyscript.com/scripts/Affliction.txt"
"m11,airforceone,http://www.dailyscript.com/scripts/AirForceOne_TXT.html"
"m12,airplaneii:thesequel,http://www.dailyscript.com/scripts/Airplane2_script.htm"
"m13,airplane!,http://www.dailyscript.com/scripts/Airplane_script.htm"
"m14,aliennation,http://www.dailyscript.com/scripts/Alien_Nation_Bannon_Cameron_October_1987.html"
"m15,aliens,http://www.horrorlair.com/scripts/aliens.html"
"m16,amadeus,http://www.dailyscript.com/scripts/Amadeus.txt"
"m17,anamericanwerewolfinlondon,http://www.dailyscript.com/scripts/American%20Werewolf%20In%20London,%20An.txt"
"m18,americanmadness,http://www.dailyscript.com/scripts/American_Madness.html"
"m19,americanoutlaws,http://www.dailyscript.com/scripts/American_Outlaws.html"
"m20,americanpsycho,http://www.dailyscript.com/scripts/american_psycho_unproduced.html"
"m21,antitrust,http://www.dailyscript.com/scripts/Antitrust.txt"
"m22,austinpowers:internationalmanofmystery,http://www.dailyscript.com/scripts/Austin%20Powers%20-%20International%20Man%20Of%20Mystery.txt"
"m23,theavengers,http://www.dailyscript.com/scripts/Avengers.html"
"m24,bachelorparty,http://www.dailyscript.com/scripts/Bachelor%20Party.txt"
"m25,backdraft,http://www.dailyscript.com/scripts/Backdraft%20(1991).txt"
"m26,badlieutenant,http://www.dailyscript.com/scripts/Bad%20Lieutenant.txt"
"m27,bamboozled,http://www.awesomefilm.com/script/Bamboozled.txt"
"m28,barrylyndon,http://www.dailyscript.com/scripts/BarryLyndon.html"
"m29,basic,http://www.dailyscript.com/scripts/Basic.txt"
"m30,bigfish,http://www.dailyscript.com/scripts/Big+Fish.txt"
"m31,birthdaygirl,http://www.dailyscript.com/scripts/Birthday+Girl.txt"
"m32,blacksnakemoan,http://www.dailyscript.com/scripts/Black%20Snake%20Moan.txt"
"m33,blackrain,http://www.angelfire.com/movies/ridleyscott/script/BlackRain.txt"
"m34,bladerunner,http://www.dailyscript.com/scripts/blade-runner_shooting.html"
"m35,blastfromthepast,http://www.hundland.org/scripts/Blast-from-the-Past.htm"
"m36,bluevelvet,http://www.dailyscript.com/scripts/Blue+Velvet.txt"
"m37,theboondocksaints,http://www.dailyscript.com/scripts/Boondock%20Saints,%20The.txt"
"m38,bottlerocket,http://www.dailyscript.com/scripts/Bottle+Rocket.txt"
"m39,thebournesupremacy,http://www.dailyscript.com/scripts/Bourne+Supremacy,+The.txt"
"m40,braveheart,http://www.dailyscript.com/scripts/Braveheart.txt"
"m41,thebutterflyeffect,http://www.dailyscript.com/scripts/Butterfly+Effect,+The.txt"
"m42,casablanca,http://www.dailyscript.com/scripts/Casablanca.txt"
"m43,castaway,http://www.hundland.org/scripts/CastAway.txt"
"m44,theciderhouserules,http://www.dailyscript.com/scripts/Cider%20House%20Rules,%20The.txt"
"m45,confidence,http://www.dailyscript.com/scripts/Confidence.txt"
"m46,croupier,http://www.dailyscript.com/scripts/Croupier.txt"
"m47,darkstar,http://www.dailyscript.com/scripts/Dark+Star.txt"
"m48,darkangel,http://www.hundland.org/scripts/DarkAngel.txt"
"m49,detroitrockcity,http://www.dailyscript.com/scripts/Detroit+Rock+City.txt"
"m50,donniedarko,http://www.dailyscript.com/scripts/Donnie+Darko.txt"
"m51,dropdeadgorgeous,http://www.dailyscript.com/scripts/Drop+Dead+Gorgeous.txt"
"m52,ducksoup,http://www.dailyscript.com/scripts/Duck%20Soup.txt"
"m53,theelephantman,http://www.dailyscript.com/scripts/Elephant+Man,+The.txt"
"m54,eriktheviking,http://www.dailyscript.com/scripts/Erik+The+Viking.txt"
"m55,eternalsunshineofthespotlessmind,http://www.dailyscript.com/scripts/Eternal+Sunshine+Of+The+Spotless+Mind.txt"
"m56,evencowgirlsgettheblues,http://www.dailyscript.com/scripts/Even%20Cowgirls%20Get%20The%20Blues.txt"
"m57,eventhorizon,http://www.dailyscript.com/scripts/Event%20Horizon.txt"
"m58,fantasticfour,http://www.dailyscript.com/scripts/Fantastic+Four.txt"
"m59,fasttimesatridgemonthigh,http://www.dailyscript.com/scripts/Fast+Times+At+Ridgemont+High.txt"
"m60,fearandloathinginlasvegas,http://www.dailyscript.com/scripts/Fear+&+Loathing+In+Las+Vegas.txt"
"m61,feast,http://www.dailyscript.com/scripts/Feast%20-%20Revised%20Draft.txt"
"m62,frances,http://www.dailyscript.com/scripts/Frances.txt"
"m63,frankenstein,http://www.dailyscript.com/scripts/Frankenstein+(1994).txt"
"m64,fridaythe13th,http://www.dailyscript.com/scripts/Friday%20The%2013th.txt"
"m65,fromdusktilldawn,http://www.dailyscript.com/scripts/From%20Dusk%20Till%20Dawn.txt"
"m66,g.i.jane,http://www.angelfire.com/movies/ridleyscott/script/GIJane.txt"
"m67,godzilla,http://www.scifiscripts.com/scripts/GODZILLAfirst.txt"
"m68,galaxyquest,http://www.scifiscripts.com/scripts/GalaxyQuest.txt"
"m69,georgewashington,http://www.fortunecity.com/tattooine/clarke/38/scripts/GeorgeWashington.txt"
"m70,getshorty,http://www.dailyscript.com/scripts/Get+Shorty.txt"
"m71,ghostship,http://www.whiskeyloosetongue.com/scripts/ghostship.html"
"m72,ghostworld,http://www.dailyscript.com/scripts/Ghost%20World.txt"
"m73,theghostandthedarkness,http://www.dailyscript.com/scripts/Ghost%20And%20The%20Darkness,%20The.txt"
"m74,ghostbustersii,http://www.scifiscripts.com/scripts/Ghostbusters-2.txt"
"m75,ghostbusters,http://www.scifiscripts.com/scripts/Ghostbusters.txt"
"m76,gladiator,http://www.angelfire.com/movies/ridleyscott/script/gladiator_seconddraft.txt"
"m77,thegraduate,http://www.dailyscript.com/scripts/Graduate,+The.txt"
"m78,grandhotel,http://www.dailyscript.com/scripts/Grand%20Hotel.txt"
"m79,thegrifters,http://www.dailyscript.com/scripts/Grifters_Westlake.html"
"m80,halloweenh20:20yearslater,http://www.horrorlair.com/scripts/H20.txt"
"m81,halloween:thecurseofmichaelmyers,http://www.dailyscript.com/scripts/Halloween_6_The_Curse_of_Michael_Myers.html"
"m82,happybirthday,wandajune,http://www.dailyscript.com/scripts/Happy_Birthday_Wanda_JUne.html"
"m83,hardcore,http://www.dailyscript.com/scripts/Hardcore.txt"
"m84,haroldandmaude,http://home.online.no/~bhundlan/scripts/Harold-and-Maude.htm"
"m85,hellbound:hellraiserii,http://www.dailyscript.com/scripts/Hellbound+-+Hellraiser+II.txt"
"m86,hellboy,http://www.dailyscript.com/scripts/Hellboy.txt"
"m87,hellraiser,http://www.dailyscript.com/scripts/Hellraiser.txt"
"m88,highfidelity,http://www.dailyscript.com/scripts/High%20Fidelity.txt"
"m89,highlander,http://www.scifiscripts.com/scripts/Highlander_final.txt"
"m90,hisgirlfriday,http://www.dailyscript.com/scripts/His%20Girl%20Friday.txt"
"m91,hopeandglory,http://www.dailyscript.com/scripts/Hope+And+Glory.txt"
"m92,houseof1000corpses,http://www.dailyscript.com/scripts/House%20Of%201000%20Corpses.txt"
"m93,humannature,http://www.dailyscript.com/scripts/Human+Nature.txt"
"m94,thehustler,http://www.dailyscript.com/scripts/Hustler,+The.txt"
"m95,iamlegend,http://www.horrorlair.com/scripts/legend.txt"
"m96,invadersfrommars,http://leonscripts.tripod.com/scripts/INVADERSold.htm"
"m97,independenceday,http://www.dailyscript.com/scripts/Independence+Day.txt"
"m98,indianajonesandthelastcrusade,http://www.dailyscript.com/scripts/Indiana%20Jones%20And%20The%20Last%20Crusade.txt"
"m99,indianajonesandthetempleofdoom,http://www.dailyscript.com/scripts/Indiana%20Jones%20And%20The%20Temple%20Of%20Doom.txt"
"m100,innerspace,http://www.scifiscripts.com/scripts/InnerSpace.txt"
"m101,theinsider,http://www.dailyscript.com/scripts/Insider,+The.txt"
"m102,intolerablecruelty,http://www.dailyscript.com/scripts/Intolerable%20Cruelty.txt"
"m103,ithappenedonenight,http://www.dailyscript.com/scripts/It+Happened+One+Night.txt"
"m104,jfk,http://www.dailyscript.com/scripts/JFK.txt"
"m105,jackiebrown,http://www.dailyscript.com/scripts/Jackie+Brown.txt"
"m106,jacob'sladder,http://www.dailyscript.com/scripts/Jacobs+Ladder.txt"
"m107,jasonx,http://www.dailyscript.com/scripts/Jason+X.txt"
"m108,jaws,http://www.dailyscript.com/scripts/Jaws.txt"
"m109,juno,http://www.dailyscript.com/scripts/Juno.txt"
"m110,kalifornia,http://www.dailyscript.com/scripts/Kalifornia.txt"
"m111,kids,http://www.dailyscript.com/scripts/Kids.txt"
"m112,knightmoves,http://www.scifiscripts.com/msol/Knight_m.txt"
"m113,krull,http://www.dailyscript.com/scripts/Krull.html"

"m115,laboroflove,http://www.fortunecity.com/tattooine/clarke/38/scripts/LaborOfLove.txt"
"m116,leavinglasvegas,http://www.dailyscript.com/scripts/Leaving+Las+Vegas.txt"
"m117,legallyblonde,http://www.dailyscript.com/scripts/Legally%20Blonde.txt"
"m118,legend,http://www.angelfire.com/movies/ridleyscott/script/LegendOfDarkness.txt"
"m119,lifeasahouse,http://www.dailyscript.com/scripts/LifeAsAHouse.html"
"m120,thelifeofdavidgale,http://www.dailyscript.com/scripts/Life.txt"
"m121,littlenicky,http://www.dailyscript.com/scripts/Little+Nicky.txt"
"m122,logan'srun,http://www.dailyscript.com/scripts/Logans+Run.txt"
"m123,losthighway,http://www.dailyscript.com/scripts/Lost+Highway.txt"
"m124,losthorizon,http://www.dailyscript.com/scripts/Lost_Horizon.html"
"m125,meninblack,http://www.dailyscript.com/scripts/Men+In+Black.txt"
"m126,minorityreport,http://www.dailyscript.com/scripts/Minority%20Report.txt"
"m127,made,http://www.dailyscript.com/scripts/Made.txt"
"m128,malcolmx,http://www.dailyscript.com/scripts/Malcolm+X.txt"
"m129,manonfire,http://www.dailyscript.com/scripts/Man+On+Fire.txt"
"m130,marty,http://www.dailyscript.com/scripts/Marty.txt"
"m131,mash,http://www.dailyscript.com/scripts/MASH.txt"
"m132,meetjohndoe,http://www.dailyscript.com/scripts/Meet_John_Doe.html"
"m133,metro,http://www.dailyscript.com/scripts/Metro.txt"
"m134,metropolis,http://www.angelfire.com/movies/ridleyscott/script/Metropolis.txt"
"m135,mightymorphinpowerrangers,http://www.hundland.org/scripts/MightyMorphinPowerRangers.txt"
"m136,mobsters,http://www.dailyscript.com/scripts/Mobsters.txt"
"m137,monkeybone,http://www.dailyscript.com/scripts/MonkeyBone_script.htm"
"m138,mymotherdreamsthesatan'sdisciplesinnewyork,http://www.moviemalls.com/papers/MotherDreamsFD.txt"
"m139,mr.smithgoestowashington,http://www.dailyscript.com/scripts/Mr%20Smith%20Goes%20To%20Washington.txt"
"m140,mr.deedsgoestotown,http://www.dailyscript.com/scripts/Mr._Deeds_Goes_to_Town.html"
"m141,mumford,http://www.dailyscript.com/scripts/Mumford.txt"
"m142,themummy,http://www.dailyscript.com/scripts/Mummy,+The.txt"
"m143,mysterymen,http://www.dailyscript.com/scripts/Mystery+Men.txt"
"m144,napoleon,http://web.archive.org/web/20010625040837/www.interlink.es/cookies/guion/Napoleon.txt"
"m145,nextfriday,http://www.dailyscript.com/scripts/Next_Friday.html"
"m146,nickoftime,http://www.dailyscript.com/scripts/Nick-Of-Time-script.html"
"m147,thenightofthehunter,http://www.dailyscript.com/scripts/Night+Of+The+Hunter,+The.txt"
"m148,anightmareonelmstreet,http://www.dailyscript.com/scripts/Nightmare+On+Elm+Street,+A.txt"
"m149,ninotchka,http://www.dailyscript.com/scripts/Ninotchka.txt"
"m150,nixon,http://home.online.no/~bhundlan/scripts/Nixon.txt"
"m151,nocountryforoldmen,http://www.dailyscript.com/scripts/No%20Country%20For%20Old%20Men%20(Shooting).txt"
"m152,nursebetty,http://www.dailyscript.com/scripts/Nurse%20Betty.txt"
"m153,obrother,whereartthou?,http://www.dailyscript.com/scripts/O%20Brother%20Where%20Art%20Thou.txt"
"m154,anofficerandagentleman,http://www.dailyscript.com/scripts/Officer+And+A+Gentleman,+An.txt"
"m155,panicroom,http://www.dailyscript.com/scripts/Panic_Room_Koepp.html"
"m156,panther,http://www.dailyscript.com/scripts/Panther.txt"
"m157,thepatriot,http://www.dailyscript.com/scripts/Patriot_1999.html"
"m158,petsematary,http://www.dailyscript.com/scripts/Pet-Sematary.html"
"m159,piratesofthecaribbean,http://www.wordplayer.com/archives/PIRATES.cover.html"
"m160,plasticman,http://www.scifiscripts.com/scripts/PlasticMan.txt"
"m161,platinumblonde,http://www.dailyscript.com/scripts/Platinum_Blonde.html"
"m162,pleasantville,http://www.hundland.org/scripts/Pleasantville.htm"
"m163,punch-drunklove,http://www.dailyscript.com/scripts/Punch-Drunk_Love.html"
"m164,quills,http://www.dailyscript.com/scripts/Quills.txt"
"m165,rko281,http://www.dailyscript.com/scripts/RKO218.html"
"m166,ragingbull,http://www.dailyscript.com/scripts/Raging+Bull.txt"
"m167,rearwindow,http://www.dailyscript.com/scripts/Rear+Window.txt"
"m168,rebelwithoutacause,http://www.dailyscript.com/scripts/Rebel_Without_A_Cause.html"
"m169,reindeergames,http://www.dailyscript.com/scripts/Reindeer+Games.txt"
"m170,reservoirdogs,http://www.dailyscript.com/scripts/Reservoir+Dogs.txt"
"m171,roughshod,http://www.dailyscript.com/scripts/Roughshod.txt"
"m172,scarymovie2,http://www.dailyscript.com/scripts/Scary+Movie+2.txt"
"m173,serialmom,http://www.dailyscript.com/scripts/Serial+Mom.txt"
"m174,theseventhvictim,http://www.dailyscript.com/scripts/SeventhVictim.htm"
"m175,sex,lies,andvideotape,http://www.dailyscript.com/scripts/Sex+Lies+And+Videotape.txt"
"m176,shivers,http://www.dailyscript.com/scripts/Shivers.txt"
"m177,shocktreatment,http://www.horrorlair.com/scripts/ShockTreatmentShootingScript.txt"
"m178,sideways,http://www.dailyscript.com/scripts/Sideways.txt"
"m179,signs,http://www.dailyscript.com/scripts/Signs.txt"
"m180,silverado,http://www.dailyscript.com/scripts/Silverado.txt"
"m181,simone,http://www.dailyscript.com/scripts/Simone_Andrew_Niccol.html"
"m182,thesixthsense,http://www.dailyscript.com/scripts/Sixth%20Sense,%20The.txt"
"m183,slash,http://www.dailyscript.com/scripts/Slash.txt"
"m184,slither,http://www.dailyscript.com/scripts/SliTHER.html"
"m185,smokeyandthebandit,http://www.dailyscript.com/scripts/Smokey%20And%20The%20Bandit.txt"
"m186,smokin'aces,http://www.dailyscript.com/scripts/Smokin'+Aces.txt"
"m187,solaris,http://www.dailyscript.com/scripts/Solaris.txt"
"m188,someonetowatchoverme,http://www.angelfire.com/movies/ridleyscott/script/SomeoneToWatchOverMe.txt"
"m189,spider-man,http://www.dailyscript.com/scripts/Spider-Man%20(Unproduced).txt"
"m190,stalag17,http://www.dailyscript.com/scripts/Stalag%2017.txt"
"m191,startrek:generations,http://www.scifiscripts.com/scripts/StarTrekGenerations.txt"
"m192,startrekiii:thesearchforspock,http://www.scifiscripts.com/scripts/Trek/Star_Trek_III.htm"
"m193,startrek:thewrathofkhan,http://www.scifiscripts.com/scripts/startrek2_wrathofkhan.txt"
"m194,startrekiv:thevoyagehome,http://www.scifiscripts.com/scripts/Trek/Star_Trek_IV.htm"
"m195,startrek:insurrection,http://www.scifiscripts.com/scripts/Trek/Star_Trek_IX.htm"
"m196,startrek:firstcontact,http://www.scifiscripts.com/scripts/Trek/Star_Trek_VIII.htm"
"m197,startrekvi:theundiscoveredcountry,http://www.scifiscripts.com/scripts/StarTrek6-TheUndiscoveredCountry.txt"
"m198,startrek:nemesis,http://www.scifiscripts.com/scripts/Trek/Star_Trek_X.htm"
"m199,starman,http://www.dailyscript.com/scripts/Starman.txt"
"m200,strangedays,http://www.scifiscripts.com/scripts/StrangeDays.txt"
"m201,suspectzero,http://www.dailyscript.com/scripts/Suspect%20Zero%20(Unproduced).txt"
"m202,swingers,http://www.dailyscript.com/scripts/Swingers.txt"
"m203,thegodfather,http://www.dailyscript.com/scripts/Godfather,%20The.txt"
"m204,thetalentedmr.ripley,http://www.dailyscript.com/scripts/Talented%20Mr%20Ripley,%20The.txt"
"m205,taxidriver,http://www.dailyscript.com/scripts/Taxi%20Driver.txt"
"m206,therock,http://www.awesomefilm.com/script/The-Rock.txt"
"m207,themajestic,http://www.dailyscript.com/scripts/Majestic,+The.txt"
"m208,thebirds,http://www.dailyscript.com/scripts/Birds,%20The.txt"
"m209,thebodysnatcher,http://www.dailyscript.com/scripts/TheBodySnatcher.htm"
"m210,thecrow:salvation,http://www.hundland.org/scripts/TheCrowSalvation.htm"
"m211,thedaytheearthstoodstill,http://www.dailyscript.com/scripts/Day%20The%20Earth%20Stood%20Still,%20The.txt"
"m212,thelostboys,http://home.online.no/~bhundlan/scripts/TheLostBoys.htm"
"m213,thething,http://www.dailyscript.com/scripts/Thing,+The.txt"
"m214,thetimemachine,http://www.dailyscript.com/scripts/TheTimeMachine_1959.html"
"m215,thejacket,http://www.dailyscript.com/scripts/The_Jacket.html"
"m216,thelma&louise,http://www.dailyscript.com/scripts/Thelma%20And%20Louise.txt"
"m217,there'ssomethingaboutmary,http://www.dailyscript.com/scripts/There's+Something+About+Mary.txt"
"m218,thirteendays,http://www.dailyscript.com/scripts/Thirteen+Days.txt"
"m219,thunderheart,http://www.dailyscript.com/scripts/Thunderheart.txt"
"m220,topgun,http://www.dailyscript.com/scripts/TopGun.html"
"m221,totalrecall,http://www.scifiscripts.com/scripts/totalrecall_5th_draft.txt"
"m222,tremors,http://home.online.no/~bhundlan/scripts/Tremors.htm"
"m223,truebeliever,http://www.dailyscript.com/scripts/True%20Believer.txt"
"m224,twinpeaks:firewalkwithme,http://www.dailyscript.com/scripts/Twin+Peaks+-+Fire+Walk+With+Me.txt"
"m225,theverdict,http://www.dailyscript.com/scripts/Verdict,+The.txt"
"m226,thewaroftheworlds,http://www.scifiscripts.com/scripts/WARWORLDS.txt"
"m227,newnightmare,http://www.hundland.org/scripts/WesCravensNewNightmare.txt"
"m228,whitesquall,http://www.angelfire.com/movies/ridleyscott/script/WhiteSquall.txt"
"m229,wildatheart,http://www.dailyscript.com/scripts/Wild+At+Heart.txt"
"m230,wonderboys,http://www.dailyscript.com/scripts/Wonder+Boys.txt"
"m231,thewoodsman,http://www.dailyscript.com/scripts/Woodsman,+The.txt"
"m232,theabyss,http://www.dailyscript.com/scripts/abyss.html"
"m233,l'avventura,http://www.aellea.com/script/adventure.txt"
"m234,agnesofgod,http://www.awesomefilm.com/script/agnesofgod.txt"
"m235,ahardday'snight,http://www.dailyscript.com/scripts/Hard+Day's+Night,+A.txt"
"m236,alien,http://www.horrorlair.com/scripts/alien.html"
"m237,alienvs.predator,http://www.scifiscripts.com/scripts/aliens_vs_predator.txt"
"m238,allabouteve,http://www.dailyscript.com/scripts/All%20About%20Eve.txt"
"m239,allthepresident'smen,http://www.dailyscript.com/scripts/All%20The%20President's%20Men.txt"
"m240,americanpie,http://www.dailyscript.com/scripts/american-pie_production.html"
"m241,anamericanwerewolfinparis,http://www.scifiscripts.com/scripts/american_werewolf_paris.txt"
"m242,anastasia,http://www.moviescriptsandscreenplays.com/johncusack/scripts/anastasia.txt"
"m243,anniehall,http://www.dailyscript.com/scripts/Annie%20Hall.txt"
"m244,theanniversaryparty,http://www.dailyscript.com/scripts/anniversaryparty.html"
"m245,antz,http://www.dailyscript.com/scripts/antz.html"
"m246,theapartment,http://www.dailyscript.com/scripts/apartment.html"
"m247,apocalypsenow,http://www.dailyscript.com/scripts/apocalypsenowredux.html"
"m248,arcticblue,http://www.awesomefilm.com/script/arcticblue.txt"
"m249,asgoodasitgets,http://www.dailyscript.com/scripts/As+Good+As+It+Gets.txt"
"m250,assassins,http://www.dailyscript.com/scripts/assassins_shooting.html"
"m251,asylum,http://www.awesomefilm.com/script/asylum.txt"
"m252,awalktoremember,http://www.dailyscript.com/scripts/awalktoremember.html"
"m253,backtothefuture,http://www.scifiscripts.com/scripts/backtothefuture_early.txt"
"m254,badlands,http://www.dailyscript.com/scripts/Badlands.txt"
"m255,theadventuresofbuckaroobanzaiacrossthe8thdimension,http://www.scifiscripts.com/scripts/banzai_script.txt"
"m256,bartonfink,http://www.dailyscript.com/scripts/Barton%20Fink.txt"
"m257,basicinstinct,http://www.dailyscript.com/scripts/basic_instinct.html"
"m258,basquiat,http://www.awesomefilm.com/script/basquiat.txt"
"m259,batmanreturns,http://www.dailyscript.com/scripts/batman-returns_shooting.html"
"m260,batmanandrobin,http://www.scifiscripts.com/scripts/batmanandrobin.txt"
"m261,batmanforever,http://www.scifiscripts.com/scripts/batmanforever.txt"
"m262,batman,http://www.scifiscripts.com/scripts/batmanscript1.txt"
"m263,bean,http://www.awesomefilm.com/script/bean.html"
"m264,beavisandbutt-headdoamerica,http://www.dailyscript.com/scripts/beavis_and_butthead_do_america.html"
"m265,beetlejuice,http://www.dailyscript.com/scripts/beetlejuice_skaaren_final.html"
"m266,beingthere,http://www.dailyscript.com/scripts/Being+There.txt"
"m267,beingjohnmalkovich,http://www.dailyscript.com/scripts/beingjohnmalkovich.html"
"m268,beloved,http://www.dailyscript.com/scripts/beloved_lagravenese.html"
"m269,thebiglebowski,http://www.dailyscript.com/scripts/Big%20Lebowski,%20The.txt"
"m270,theblackdahlia,http://www.dailyscript.com/scripts/black-dahlia_early.html"
"m271,bladeii,http://www.horrorlair.com/scripts/blade2.html"
"m272,blade,http://www.horrorlair.com/scripts/blade.html"
"m273,bookofshadows:blairwitch2,http://www.dailyscript.com/scripts/blair-witch-2.html"
"m274,bloodsimple.,http://www.dailyscript.com/scripts/Blood%20Simple.txt"
"m275,bloodmoon,http://www.horrorlair.com/scripts/bloodmoon.html"
"m276,blow,http://www.dailyscript.com/scripts/blow.html"
"m277,labattagliadialgeri,http://www.dailyscript.com/scripts/boa.html"
"m278,bodyofevidence,http://www.awesomefilm.com/script/bodyofevidence.txt"
"m279,thebridgesofmadisoncounty,http://www.awesomefilm.com/script/bomc.txt"
"m280,bones,http://www.horrorlair.com/HorrorWorld/newyork/bones.html"
"m281,bound,http://www.hundland.org/scripts/Bound_FirstDraft.txt"
"m282,thebourneidentity,http://www.dailyscript.com/scripts/Bourne+Identity,+The.txt"
"m283,brazil,http://www.scifiscripts.com/scripts/brazil.txt"
"m284,bringingoutthedead,http://www.dailyscript.com/scripts/Bringing+Out+The+Dead.txt"
"m285,broadcastnews,http://www.dailyscript.com/scripts/broadc_news.html"
"m286,abucketofblood,http://www.scifiscripts.com/msol/bucket_of_blood.txt"
"m287,buffythevampireslayer,http://www.dailyscript.com/scripts/buffy_the_vampire_slayer.html"
"m288,bulldurham,http://www.dailyscript.com/scripts/Bull+Durham.txt"
"m289,casino,http://www.dailyscript.com/scripts/Casino.txt"
"m290,catwoman,http://www.scifiscripts.com/scripts/catwoman.txt"
"m291,cellular,http://www.dailyscript.com/scripts/cellular_cohen.html"
"m292,thecryinggame,http://www.dailyscript.com/scripts/Crying%20Game,%20The.txt"
"m293,charade,http://www.dailyscript.com/scripts/Charade.txt"
"m294,cherryfalls,http://www.scifiscripts.com/msol/cherryfalls.txt"
"m295,chillfactor,http://www.awesomefilm.com/script/chillfactor.html"
"m296,chinatown,http://www.dailyscript.com/scripts/Chinatown.txt"
"m297,nuovocinemaparadiso,http://www.dailyscript.com/scripts/cinema_paradiso.html"
"m298,citizenkane,http://www.aellea.com/script/citizenkane_script.txt"
"m299,clerks.,http://www.dailyscript.com/scripts/Clerks.txt"
"m300,cliffhanger,http://www.dailyscript.com/scripts/cliffhanger_stallone.html"
"m301,aclockworkorange,http://www.scifiscripts.com/scripts/clockwork.txt"
"m302,collateral,http://www.dailyscript.com/scripts/collateral_darabont.html"
"m303,conspiracytheory,http://www.dailyscript.com/scripts/conspiracy-theory.html"
"m304,contact,http://www.scifiscripts.com/scripts/contact.txt"
"m305,coolhandluke,http://www.aellea.com/script/cool_hand_luke.html"
"m306,copycat,http://www.dailyscript.com/scripts/copycat.html"
"m307,crash,http://www.dailyscript.com/scripts/Crash+(1996).txt"
"m308,crazylove,http://www.dailyscript.com/scripts/crazy_love.html"
"m309,crimespree,http://www.dailyscript.com/scripts/crimespree.html"
"m310,crouchingtiger,hiddendragon,http://www.awesomefilm.com/script/crouchingtiger.txt"
"m311,thecrow,http://www.horrorlair.com/scripts/crow.txt"
"m312,cruelintentions,http://www.dailyscript.com/scripts/cruel-intentions.html"
"m313,thecurseofthecatpeople,http://www.dailyscript.com/scripts/cursecat.htm"
"m314,thecurse,http://www.horrorlair.com/scripts/cursethe.txt"
"m315,darkcity,http://www.dailyscript.com/scripts/dark-city_early-rewrite.html"
"m316,dave,http://www.scifiscripts.com/msol/dave.txt"
"m317,dayofthedead,http://www.horrorlair.com/scripts/dayofthedead.txt"
"m318,deadpoetssociety,http://www.dailyscript.com/scripts/Dead%20Poets%20Society.txt"
"m319,deeprising,http://www.horrorlair.com/scripts/deeprising.txt"
"m320,thedeerhunter,http://www.dailyscript.com/scripts/deer_hunter.html"
"m321,demolitionman,http://www.dailyscript.com/scripts/demolition-man_production.html"
"m322,thedevilanddanielwebster,http://www.aellea.com/script/devilanddanielwebster.txt"
"m323,diehard,http://www.awesomefilm.com/script/diehard.html"
"m324,dogdayafternoon,http://www.awesomefilm.com/script/dog_day_afternoon.txt"
"m325,domino,http://www.dailyscript.com/scripts/domino.html"
"m326,dotherightthing,http://www.awesomefilm.com/script/dotherightthing.txt"
"m327,dumbanddumberer:whenharrymetlloyd,http://web.archive.org/web/20040611014121/www.awesomefilm.com/script/dumbanddumberer.html"
"m328,dune,http://www.scifiscripts.com/scripts/dune.txt"
"m329,edwood,http://www.dailyscript.com/scripts/ed-wood.html"
"m330,edtv,http://www.dailyscript.com/scripts/edtv.html"
"m331,election,http://www.dailyscript.com/scripts/election.html"
"m332,l.a.confidential,http://www.dailyscript.com/scripts/LA%20Confidential.txt"
"m333,enemyofthestate,http://www.dailyscript.com/scripts/enemyofthestate.html"
"m334,theenglishpatient,http://www.dailyscript.com/scripts/englishpatient.html"
"m335,entrapment,http://www.dailyscript.com/scripts/entrapment_production.html"
"m336,erinbrockovich,http://www.dailyscript.com/scripts/Erin+Brockovich.txt"
"m337,starwars:theempirestrikesback,http://www.scifiscripts.com/scripts/esb_final.txt"
"m338,escapefromtheplanetoftheapes,http://www.scifiscripts.com/scripts/escape_pota.txt"
"m339,escapefroml.a.,http://www.scifiscripts.com/scripts/escapela.txt"
"m340,excalibur,http://www.dailyscript.com/scripts/Excalibur.txt"
"m341,theexorcist,http://www.horrorlair.com/scripts/exorcist.html"
"m342,thefabulousbakerboys,http://www.dailyscript.com/scripts/Fabulous_Baker_boys_final.html"
"m343,face/off,http://www.dailyscript.com/scripts/faceoff_production.html"
"m344,thefamilyman,http://www.dailyscript.com/scripts/familyman.html"
"m345,thefantasticfour,http://www.dailyscript.com/scripts/fantasticfour.html"
"m346,fantasticvoyage,http://www.scifiscripts.com/scripts/fantasticvoyager.txt"
"m347,fargo,http://www.dailyscript.com/scripts/Fargo.txt"
"m348,fightclub,http://www.scifiscripts.com/scripts/fight_club_shoot.txt"
"m349,finaldestination2,http://www.dailyscript.com/scripts/final_destination2.html"
"m350,finaldestination,http://www.horrorlair.com/scripts/finaldestination.txt"
"m351,rambo:firstbloodpartii,http://www.dailyscript.com/scripts/rambo_first_blood_2.html"
"m352,thefisherking,http://www.dailyscript.com/scripts/fisher-king_shooting.html"
"m353,fiveeasypieces,http://www.dailyscript.com/scripts/fiveeasypieces.html"
"m354,fivefeethighandrising,http://www.dailyscript.com/scripts/fivefeetandrising.html"
"m355,fletch,http://www.dailyscript.com/scripts/Fletch.txt"
"m356,theadventuresoffordfairlane,http://www.dailyscript.com/scripts/ford-fairlane_early.html"
"m357,thefrenchconnection,http://www.dailyscript.com/scripts/frenchconnection.html"
"m358,frequency,http://www.dailyscript.com/scripts/frequency.html"
"m359,fridaythe13thpartiii,http://www.horrorlair.com/scripts/friday13th3.txt"
"m360,jasonlives:fridaythe13thpartvi,http://www.horrorlair.com/scripts/friday13th6.txt"
"m361,jasongoestohell:thefinalfriday,http://www.horrorlair.com/scripts/friday13thjasongoestohell.txt"
"m362,fridaythe13thpartviii:jasontakesmanhattan,http://www.dailyscript.com/scripts/friday_13_8.html"
"m363,game6,http://www.dailyscript.com/scripts/game_6.html"
"m364,gandhi,http://www.dailyscript.com/scripts/Gandhi.txt"
"m365,gattaca,http://www.dailyscript.com/scripts/gattaca_early.html"
"m366,thegetaway,http://www.dailyscript.com/scripts/getaway.html"
"m367,getcarter,http://www.dailyscript.com/scripts/getcarter.html"
"m368,glengarryglenross,http://www.dailyscript.com/scripts/glengarry.html"
"m369,thegodfather:partii,http://www.dailyscript.com/scripts/godfather2.html"
"m370,godsandmonsters,http://www.dailyscript.com/scripts/Gods%20And%20Monsters.txt"
"m371,goneinsixtyseconds,http://www.dailyscript.com/scripts/gone_in_60_seconds.html"
"m372,goodfellas,http://www.dailyscript.com/scripts/goodfellas.html"
"m373,goodwillhunting,http://www.moviescriptsandscreenplays.com/BenandMatt/goodwillhunting.txt"
"m374,thegrapesofwrath,http://www.dailyscript.com/scripts/Grapes%20Of%20Wrath,%20The.txt"
"m375,grossepointeblank,http://www.dailyscript.com/scripts/Grosse%20Pointe%20Blank.txt"
"m376,thehorsewhisperer,http://www.awesomefilm.com/script/h_whispr.txt"
"m377,hackers,http://www.scifiscripts.com/scripts/hackers.txt"
"m378,halloween4:thereturnofmichaelmyers,http://www.horrorlair.com/scripts/halloween4.txt"
"m379,halloween,http://www.dailyscript.com/scripts/Halloween.txt"
"m380,hannahandhersisters,http://www.dailyscript.com/scripts/Hannah%20And%20Her%20Sisters.txt"
"m381,hannibal,http://www.dailyscript.com/scripts/Hannibal%20-%20Zaillian.txt"
"m382,happycampers,http://www.dailyscript.com/scripts/happy-campers_early.html"
"m383,heathers,http://www.dailyscript.com/scripts/heathers_shooting.html"
"m384,heavenlycreatures,http://www.awesomefilm.com/script/heavenlycreatures.html"
"m385,hellraiser:hellseeker,http://www.horrorlair.com/scripts/hellraiser_hellseeker_orig.html"
"m386,hero,http://www.dailyscript.com/scripts/hero1.html"
"m387,hiderinthehouse,http://www.dailyscript.com/scripts/hider-in-the-house.html"
"m388,highlanderiii:thesorcerer,http://www.scifiscripts.com/scripts/highlander3.txt"
"m389,hostage,http://home.online.no/~bhundlan/scripts/hostage.htm"
"m390,hotelrwanda,http://www.dailyscript.com/scripts/hotel_rwanda.html"
"m391,houseonhauntedhill,http://www.dailyscript.com/scripts/house-on-haunted-hill.html"
"m392,houseofthedamned,http://www.horrorlair.com/scripts/houseOfTheDamned.txt"
"m393,hellraiseriii:hellonearth,http://www.cenobite.com/library/hr3-910701.txt"
"m394,hudsonhawk,http://www.dailyscript.com/scripts/hudson-hawk_early.html"
"m395,thehudsuckerproxy,http://www.dailyscript.com/scripts/Hudsucker%20Proxy,%20The.txt"
"m396,iwalkedwithazombie,http://www.dailyscript.com/scripts/i-walked_with_a_zombie.html"
"m397,theicestorm,http://www.dailyscript.com/scripts/icestorm.html"
"m398,insomnia,http://www.dailyscript.com/scripts/insomnia.html"
"m399,interviewwiththevampire:thevampirechronicles,http://www.scifiscripts.com/scripts/interview.txt"
"m400,istillknowwhatyoudidlastsummer,http://www.horrorlair.com/scripts/iskwydls.txt"
"m401,isleofthedead,http://www.dailyscript.com/scripts/isleofthedead.htm"
"m402,it'sawonderfullife,http://www.aellea.com/script/itsawonderfullife.txt"
"m403,jaws2,http://www.dailyscript.com/scripts/Jaws%202.txt"
"m404,jaws3-d,http://www.horrorlair.com/scripts/jaws3_1st_draft.txt"
"m405,jaws:therevenge,http://www.horrorlair.com/scripts/jaws_the_revenge.txt"
"m406,thejazzsinger,http://www.aellea.com/script/jazzsinger.txt"
"m407,jennifereight,http://www.dailyscript.com/scripts/jennifer-eight-script.html"
"m408,jerrymaguire,http://www.awesomefilm.com/script/jerryMaguire.txt"
"m409,jurassicparkiii,http://www.dailyscript.com/scripts/jp3.html"
"m410,thelostworld:jurassicpark,http://www.horrorlair.com/scripts/jurassic2_thw.txt"
"m411,jurassicpark,http://www.scifiscripts.com/scripts/JurassicPark_1stDraft.txt"
"m412,freddyvs.jason,http://www.horrorlair.com/scripts/jvsf_bm.txt"
"m413,kafka,http://www.dailyscript.com/scripts/kafka.html"
"m414,kingkong,http://www.scifiscripts.com/scripts/kingkong.txt"
"m415,klute,http://www.dailyscript.com/scripts/klute.html"
"m416,kramervs.kramer,http://www.dailyscript.com/scripts/Kramer%20vs%20Kramer.txt"
"m417,kundun,http://www.dailyscript.com/scripts/Kundun.txt"
"m418,lakeplacid,http://www.dailyscript.com/scripts/lake-placid.html"
"m419,thesilenceofthelambs,http://www.horrorlair.com/scripts/lambsfinal.txt"
"m420,lastofthemohicans,http://www.dailyscript.com/scripts/last-of-the-mohicans-script.html"
"m421,leviathan,http://www.dailyscript.com/scripts/leviathan_shooting.html"
"m422,lock,stockandtwosmokingbarrels,http://www.scifiscripts.com/msol/lockstock_screenplay.txt"
"m423,lonestar,http://www.dailyscript.com/scripts/Lone%20Star.txt"
"m424,lordofillusions,http://www.dailyscript.com/scripts/lordofillusions.html"
"m425,lostintranslation,http://www.dailyscript.com/scripts/lost-in-translation-script.html"
"m426,lostsouls,http://www.horrorlair.com/scripts/lostsouls.txt"
"m427,love&basketball,http://www.dailyscript.com/scripts/love_and_basketball.html"
"m428,magnolia,http://www.dailyscript.com/scripts/magnolia.html"
"m429,themanintheironmask,http://www.dailyscript.com/scripts/man_in_iron_mask_95.html"
"m430,manhunt,http://www.awesomefilm.com/script/manhunt.html"
"m431,manhunter,http://www.dailyscript.com/scripts/manhunter.html"
"m432,manonthemoon,http://www.scifiscripts.com/msol/manonthemoon.txt"
"m433,thematrix,http://www.scifiscripts.com/scripts/matrix_97_draft.txt"
"m434,halloweeniii:seasonofthewitch,http://www.dailyscript.com/scripts/meanstreet.html"
"m435,meetjoeblack,http://www.awesomefilm.com/script/meetjoeblack.txt"
"m436,memento,http://www.dailyscript.com/scripts/memento.html"
"m437,miamivice,http://www.dailyscript.com/scripts/miamivice.html"
"m438,midnightcowboy,http://www.dailyscript.com/scripts/Midnight%20Cowboy.txt"
"m439,midnightexpress,http://www.dailyscript.com/scripts/midnightexpress.html"
"m440,mimic,http://www.dailyscript.com/scripts/mimic_production.html"
"m441,misery,http://www.dailyscript.com/scripts/Misery.txt"
"m442,mission:impossibleii,http://www.dailyscript.com/scripts/mission-impossible-2_shoot.html"
"m443,mission:impossible,http://www.dailyscript.com/scripts/mission-impossible_shoot.html"
"m444,moonstruck,http://www.dailyscript.com/scripts/Moonstruck.txt"
"m445,montypythonandtheholygrail,http://www.angelfire.com/movies/closedcaptioned/mp-holy.txt"
"m446,mrsbrown,http://www.dailyscript.com/scripts/mrs_brown.html"
"m447,arcade,http://www.awesomefilm.com/script/ms_arcad.txt"
"m448,mulhollanddr.,http://www.dailyscript.com/scripts/mulholland_drive.html"
"m449,""murderland"",http://www.awesomefilm.com/script/murderland.html"
"m450,mygirl2,http://www.scifiscripts.com/msol/my_girl_2.html"
"m451,mygirl,http://www.scifiscripts.com/msol/my_girl.html"
"m452,mybestfriend'swedding,http://www.awesomefilm.com/script/mybestfriendswedding.txt"
"m453,nashville,http://www.dailyscript.com/scripts/nashville.html"
"m454,naturalbornkillers,http://www.dailyscript.com/scripts/natural-born-killers_shoot.html"
"m455,nothingbutaman,http://www.aellea.com/emruf3/nbam.html"
"m456,thenegotiator,http://www.angelfire.com/movies/moviefreak/negotiator.html"
"m457,neuromancer,http://www.scifiscripts.com/scripts/neuromancer.txt"
"m458,neverbeenkissed,http://www.dailyscript.com/scripts/neverbeenkissed.html"
"m459,thenightmarebeforechristmas,http://www.dailyscript.com/scripts/nightmare-b4-xmas_early.html"
"m460,anightmareonelmstreetpart2:freddy'srevenge,http://www.horrorlair.com/scripts/nightmare_on_elm_street2.txt"
"m461,anightmareonelmstreet3:dreamwarriors,http://www.horrorlair.com/scripts/nightmare_on_elm_street3.txt"
"m462,nottinghill,http://www.awesomefilm.com/script/nothill.txt"
"m463,oneflewoverthecuckoo'snest,http://www.dailyscript.com/scripts/One%20Flew%20Over%20The%20Cuckoo's%20Nest.txt"
"m464,onlyyou,http://www.awesomefilm.com/script/onlyyou.html"
"m465,onthewaterfront,http://www.dailyscript.com/scripts/onthewaterfront.html"
"m466,orgyofthedead,http://www.horrorlair.com/HorrorWorld/edwood/orgyofthedead.html"
"m467,outofsight,http://www.dailyscript.com/scripts/Out%20Of%20Sight.txt"
"m468,pearlharbor,http://www.dailyscript.com/scripts/pearl_harbor_early.html"
"m469,peggysuegotmarried,http://www.dailyscript.com/scripts/peggysue.html"
"m470,petsemataryii,http://www.dailyscript.com/scripts/petsemetaryii.html"
"m471,philadelphia,http://www.dailyscript.com/scripts/philadelphia.html"
"m472,pitchblack,http://www.dailyscript.com/scripts/pitch-black_shooting.html"
"m473,planetoftheapes,http://www.scifiscripts.com/scripts/POTA_Remake.txt"
"m474,platoon,http://www.dailyscript.com/scripts/Platoon.txt"
"m475,playback,http://www.dailyscript.com/scripts/playback.html"
"m476,theploughman'slunch,http://www.dailyscript.com/scripts/ploughmans_lunch.html"
"m477,pointbreak,http://www.awesomefilm.com/script/pointbreak.html"
"m478,predator,http://www.scifiscripts.com/scripts/predator.txt"
"m479,prettywoman,http://www.awesomefilm.com/script/prettywoman.html"
"m480,theprincessbride,http://www.dailyscript.com/scripts/Princess%20Bride,%20The.txt"
"m481,theproducers,http://www.dailyscript.com/scripts/Producers,%20The.txt"
"m482,psycho,http://www.dailyscript.com/scripts/Psycho.txt"
"m483,maniac,http://www.aellea.com/script/qMANIAC.htm"
"m484,vampyr,http://www.aellea.com/script/qVAMPYR.htm"
"m485,mysteryofthewaxmuseum,http://www.aellea.com/script/qWAX.htm"
"m486,quantumproject,http://www.dailyscript.com/scripts/quantumproject.html"
"m487,ramblingrose,http://www.dailyscript.com/scripts/ramblingrose.html"
"m488,redwhiteblack&blue,http://www.awesomefilm.com/script/redwhiteblackandblue.html"
"m489,starwars:episodevi-returnofthejedi,http://www.scifiscripts.com/scripts/revengeofthejedi.txt"
"m490,therockyhorrorpictureshow,http://www.horrorlair.com/scripts/rhps.txt"
"m491,rocky,http://www.dailyscript.com/scripts/Rocky.txt"
"m492,whoframedrogerrabbit,http://www.scifiscripts.com/cartoon/roger-rabbit.htm"
"m493,romeoandjuliet,http://www.awesomefilm.com/script/romeo+juliet.txt"
"m494,ronin,http://www.dailyscript.com/scripts/ronin_early.html"
"m495,route9,http://home.earthlink.net/~bhb1/scripts/rt9/route_9.html"
"m496,rushhour2,http://www.dailyscript.com/scripts/rush_hour_2.html"
"m497,rushhour,http://www.dailyscript.com/scripts/RushHour.html"
"m498,runawaybride,http://www.awesomefilm.com/script/rwbride.html"
"m499,sleeplessinseattle,http://www.awesomefilm.com/script/s_seatl.html"
"m500,saltoftheearth,http://www.aellea.com/script/salt.txt"
"m501,thesaltonsea,http://www.dailyscript.com/scripts/salton_sea.html"
"m502,savingprivateryan,http://www.moviescriptsandscreenplays.com/BenandMatt/savingprivateryan.txt"
"m503,sayanything...,http://www.moviescriptsandscreenplays.com/johncusack/scripts/sayanything.txt"
"m504,schindler'slist,http://www.awesomefilm.com/script/schindlerslist.txt"
"m505,scream2,http://www.horrorlair.com/scripts/scream2.txt"
"m506,scream3,http://www.horrorlair.com/scripts/scream3_early_draft.txt"
"m507,scream,http://www.dailyscript.com/scripts/Scream.txt"
"m508,seven,http://www.horrorlair.com/scripts/se7en.html"
"m509,thesearchers,http://www.dailyscript.com/scripts/Searchers,%20The.txt"
"m510,sevendaystolive,http://www.horrorlair.com/scripts/sevendaystolive_2nd.html"
"m511,shakespeareinlove,http://www.dailyscript.com/scripts/Shakespeare%20In%20Love.txt"
"m512,shallowgrave,http://www.horrorlair.com/scripts/shallow.txt"
"m513,shampoo,http://www.dailyscript.com/scripts/shampoo.html"
"m514,theshining,http://www.dailyscript.com/scripts/shining.html"
"m515,silverbullet,http://www.dailyscript.com/scripts/silverbullet.html"
"m516,sisteract,http://www.scifiscripts.com/msol/sister_act.txt"
"m517,sleepyhollow,http://www.dailyscript.com/scripts/sleepy-hollow_shooting.html"
"m518,slingblade,http://www.dailyscript.com/scripts/Sling%20Blade.txt"
"m519,smoke,http://www.awesomefilm.com/script/smoke.txt"
"m520,snowfallingoncedars,http://www.dailyscript.com/scripts/snow-falling_shooting.html"
"m521,soldier,http://www.dailyscript.com/scripts/soldier.html"
"m522,somelikeithot,http://www.dailyscript.com/scripts/Some+Like+It+Hot.txt"
"m523,theweddingdate,http://www.dailyscript.com/scripts/somethingborrowed.html"
"m524,sounder,http://www.aellea.com/script/sounder.txt"
"m525,southpark:biggerlonger&uncut,http://www.dailyscript.com/scripts/south-park.html"
"m526,spacejacked,http://www.scifiscripts.com/scripts/spaceJacked.txt"
"m527,spareme,http://www.dailyscript.com/scripts/spareme.html"
"m528,sphere,http://www.dailyscript.com/scripts/sphere_shooting.html"
"m529,starwars,http://www.scifiscripts.com/scripts/star_wars_3rd.txt"
"m530,starshiptroopers,http://www.scifiscripts.com/scripts/starship_troopers.txt"
"m531,startrek:themotionpicture,http://www.dailyscript.com/scripts/startrek01.html"
"m532,stateandmain,http://www.dailyscript.com/scripts/State+And+Main.txt"
"m533,stepmom,http://www.dailyscript.com/scripts/stepmom.html"
"m534,storytelling,http://www.dailyscript.com/scripts/storytelling.html"
"m535,stranglehold,http://www.horrorlair.com/scripts/strangehold.txt"
"m536,dr.strangeloveor:howilearnedtostopworryingandlovethebomb,http://www.visual-memory.co.uk/amk/doc/0055.html"
"m537,suburbia,http://www.awesomefilm.com/script/suburbia.html"
"m538,sugar&spice,http://www.dailyscript.com/scripts/sugarandspice.html"
"m539,sunsetblvd.,http://www.dailyscript.com/scripts/sunset_bld_3_21_49.html"
"m540,supergirl,http://www.scifiscripts.com/scripts/supergirl.txt"
"m541,supermaniii,http://www.scifiscripts.com/scripts/superman3_script.txt"
"m542,supermanii,http://www.scifiscripts.com/scripts/supermanii_scriptment_2_76.txt"
"m543,supermaniv:thequestforpeace,http://www.scifiscripts.com/scripts/superman_IV.txt"
"m544,superman,http://www.scifiscripts.com/scripts/superman_original.txt"
"m545,thesweethereafter,http://www.dailyscript.com/scripts/sweethereafter.html"
"m546,sweetsmellofsuccess,http://www.dailyscript.com/scripts/sweetsmell.html"
"m547,terminator2:judgmentday,http://www.scifiscripts.com/scripts/t2.txt"
"m548,takingsides,http://www.dailyscript.com/scripts/takingsides.html"
"m549,theterminator,http://www.scifiscripts.com/scripts/terminator_1_4th_draft.txt"
"m550,thegame,http://www.dailyscript.com/scripts/the-game-early.html"
"m551,thehaunting,http://www.dailyscript.com/scripts/the-haunting_production.html"
"m552,thelimey,http://www.dailyscript.com/scripts/the-limey.html"
"m553,themanwhowasn'tthere,http://www.dailyscript.com/scripts/Man%20Who%20Wasn't%20There,%20The.txt"
"m554,therelic,http://www.dailyscript.com/scripts/the-relic_early.html"
"m555,thetrumanshow,http://www.dailyscript.com/scripts/the-truman-show_shooting.html"
"m556,thexfiles,http://www.dailyscript.com/scripts/the-x-files_production.html"
"m557,thecell,http://www.dailyscript.com/scripts/the_cell.html"
"m558,thethirdman,http://www.dailyscript.com/scripts/the_third_man.html"
"m559,thebeach,http://www.scifiscripts.com/msol/beach/script01_15.htm"
"m560,thebeliever,http://www.dailyscript.com/scripts/thebeliever.html"
"m561,legrandbleu,http://www.dailyscript.com/scripts/thebigblue.html"
"m562,thehebrewhammer,http://www.dailyscript.com/scripts/thehebrewhammer.html"
"m563,theleopardman,http://www.dailyscript.com/scripts/theleopardman.htm"
"m564,thelostson,http://www.alibi-books.com/thelostson/thelostson.htm"
"m565,themessenger,http://www.awesomefilm.com/script/themessenger.txt"
"m566,thepianist,http://www.dailyscript.com/scripts/Pianist,%20The.txt"
"m567,thepiano,http://www.dailyscript.com/scripts/thepianolesson.html"
"m568,thesting,http://www.dailyscript.com/scripts/Sting,%20The.txt"
"m569,thethinman,http://www.geocities.com/kingrr/thin.html"
"m570,threekings,http://www.dailyscript.com/scripts/three-kings_unproduced.html"
"m571,thx1138,http://www.scifiscripts.com/scripts/thx1138.txt"
"m572,ticker,http://www.dailyscript.com/scripts/ticker.html"
"m573,troubleinparadise,http://www.aellea.com/emruf3/tip.html"
"m574,titanic,http://www.dailyscript.com/scripts/Titanic.txt"
"m575,transatlanticmerry-go-round,http://www.aellea.com/emruf3/tm.html"
"m576,tombstone,http://www.dailyscript.com/scripts/tomb_stone.html"
"m577,tomorrowneverdies,http://www.awesomefilm.com/script/tomorrowneverdies.txt"
"m578,tosleepwithanger,http://www.dailyscript.com/scripts/tosleepwithanger.html"
"m579,toystory,http://www.dailyscript.com/scripts/toy_story.html"
"m580,themagictoyshop,http://www.aellea.com/emruf3/toyshop.html"
"m581,traffic,http://www.dailyscript.com/scripts/Traffic.txt"
"m582,trainspotting,http://www.awesomefilm.com/script/trainspotting.html"
"m583,startrekv:thefinalfrontier,http://www.scifiscripts.com/scripts/trek5.txt"
"m584,tron,http://www.scifiscripts.com/scripts/tron.txt"
"m585,truelies,http://www.awesomefilm.com/script/truelies.txt"
"m586,trueromance,http://www.awesomefilm.com/script/trueromance.html"
"m587,twelvemonkeys,http://www.horrorlair.com/scripts/twelvemonkeys.html"
"m588,u-turn,http://www.dailyscript.com/scripts/u-turn_early.html"
"m589,uturn,http://www.dailyscript.com/scripts/u-turn_shooting.html"
"m590,unbreakable,http://www.dailyscript.com/scripts/Unbreakable.txt"
"m591,unforgiven,http://www.dailyscript.com/scripts/Unforgiven.txt"
"m592,theusualsuspects,http://www.dailyscript.com/scripts/Usual%20Suspects,%20The.txt"
"m593,verdict,http://www.scifiscripts.com/msol/verdict.txt"
"m594,vertigo,http://www.dailyscript.com/scripts/Vertigo.txt"
"m595,verybadthings,http://www.dailyscript.com/scripts/Very+Bad+Things.txt"
"m596,viridiana,http://www.aellea.com/script/viridiana.txt"
"m597,virtuosity,http://www.dailyscript.com/scripts/virtuosity.html"
"m598,wagthedog,http://www.dailyscript.com/scripts/wag-the-dog_production.html"
"m599,wallstreet,http://www.dailyscript.com/scripts/wall_street.html"
"m600,waxwork,http://www.horrorlair.com/scripts/waxwork.txt"
"m601,whatliesbeneath,http://www.dailyscript.com/scripts/What+Lies+Beneath.txt"
"m602,whatwomenwant,http://www.awesomefilm.com/script/whatwomenwant.html"
"m603,thewitchinghour,http://www.scifiscripts.com/scripts/whitching_hour.txt"
"m604,whiteangel,http://www.horrorlair.com/scripts/whiteang.txt"
"m605,who'syourdaddy?,http://www.cvisual.com/film-techniques/whos-your-daddy-by-maria-veltre-and-jack-sekowski.txt"
"m606,wildthings,http://www.dailyscript.com/scripts/Wild+Things.txt"
"m607,wildwildwest,http://www.scifiscripts.com/scripts/wildwest.txt"
"m608,willow,http://www.scifiscripts.com/scripts/willow.txt"
"m609,witness,http://www.dailyscript.com/scripts/Witness.txt"
"m610,thewizardofoz,http://www.scifiscripts.com/scripts/wizoz.txt"
"m611,theworldisnotenough,http://www.awesomefilm.com/script/worldisnotenough.txt"
"m612,watchmen,http://www.scifiscripts.com/scripts/wtchmn.txt"
"m613,xxx,http://www.dailyscript.com/scripts/xXx.txt"
"m614,x-men,http://www.scifiscripts.com/scripts/xmenthing.txt"
"m615,youngfrankenstein,http://www.horrorlair.com/scripts/young.txt"
"m616,zuludawn,http://www.aellea.com/script/zuludawn.txt"
